{"village_34352_91_34": 1784142232.2766159, "village_34352_87_49": 1784142191.5690575, "village_34352_83_43": 1784309838.8531923, "village_34352_81_47": 1784124982.0222774, "village_34352_91_54": 1784295879.0675786, "village_34352_100_51": 1784133871.1467974, "village_34352_78_41": 1784135951.0344837, "village_34352_93_32": 1784309912.8980713, "village_34352_102_53": 1784135965.7466471, "village_34352_98_43": 1784305867.8487518, "village_34352_85_39": 1784309825.8386474, "village_34352_93_51": 1784208835.8075976, "village_34352_88_51": 1784284697.3111658, "village_34352_99_47": 1784220405.4493883, "village_34352_81_44": 1784309860.8712482, "village_34352_83_36": 1784309874.8768454, "village_34352_101_48": 1784208898.4338944, "village_34352_82_37": 1784309887.8894436, "village_34352_92_54": 1784309900.893996, "village_34352_79_43": 1784309927.9165714, "village_34352_98_31": 1784224484.9097648, "village_34352_94_55": 1784309940.9232671, "village_34352_101_54": 1784309972.9654906, "village_34352_88_59": 1784309994.9905114, "village_34352_101_30": 1784312087.2369227, "village_34352_77_53": 1784280928.2458944, "village_34352_87_60": 1784312106.1127064, "village_34352_78_56": 1784306025.9461367, "village_34352_100_27": 1784306035.4268618, "village_34352_92_62": 1784312151.8980374, "village_34352_95_62": 1784306085.908931, "village_34352_78_28": 1784291896.4134958, "village_34352_77_52": 1784291831.9538004, "village_34352_77_57": 1784291906.7839339, "village_34352_103_27": 1784291916.799924, "village_34352_101_27": 1784312141.1459131, "village_34352_77_56": 1784312161.8474808, "village_34352_80_59": 1784312172.2444823, "village_34352_86_29": 1784309958.9429626, "village_34352_101_49": 1784312048.731572, "village_34352_77_44": 1784312062.2376733, "village_34352_79_52": 1784312077.278752}